{
    "IOC": {
        "pv_prefix": "TEST:Laser:Pow:",
        "description": "",
        "CWL": 800
    },
    "serial": {
        "port": "/dev/ttyUSB0"
    },
    "800nm":{
        "amp": 0.06431810,
        "p0": 0.66352526,
        "polar_ratio": 0.00000000,
        "extingt": 2249.40965
    },
    "400nm":{
        "conversion_factor": [-4.37392612e+04,  2.43094587e+02,  9.54103522e-02, -5.34363160e-06],
        "loss_factor_conversion_factor": [ 1.90168125e+05, -1.39617823e+06,  4.62989783e+06, -9.16999974e+06,
        1.20869507e+07, -1.11831946e+07,  7.46600571e+06, -3.64129099e+06,
        1.29948050e+06, -3.36905225e+05,  6.25114267e+04, -8.13013584e+03,
        7.28681758e+02, -4.66604533e+01,  3.56512903e+00,  1.98595213e-02]
    }
}
